"Car Electronics & Accessories","https://www.jumia.com.gh/car-electronics-accessories/?shipped_from=country_local"
"Exterior Accessories","https://www.jumia.com.gh/automobile-exterior-accessories/?shipped_from=country_local"
"Interior Accessories","https://www.jumia.com.gh/automobile-interior-accessories/?shipped_from=country_local"
"Lights & Lighting Accessories","https://www.jumia.com.gh/automobile-lights-lighting-accessories/?shipped_from=country_local"
"Motorcycle & Powersports","https://www.jumia.com.gh/motorcycle-powersports/?shipped_from=country_local"
"Oils & Fluids","https://www.jumia.com.gh/oils-fluids/?shipped_from=country_local"
"name","link"
"Car Care","https://www.jumia.com.gh/car-care/?shipped_from=country_local"
"Paint & Paint Supplies","https://www.jumia.com.gh/automobile-paint-supplies/?shipped_from=country_local"
"Power & Battery","https://www.jumia.com.gh/automobile-power-battery/?shipped_from=country_local"
"Replacement Parts","https://www.jumia.com.gh/automobile-replacement-parts/?shipped_from=country_local"
"Tools & Equipment","https://www.jumia.com.gh/automobile-tools-equipment/?shipped_from=country_local"
"Tyre & Rim","https://www.jumia.com.gh/tyre-rim/?shipped_from=country_local"
"Apparel & Accessories","https://www.jumia.com.gh/kiddies-accessories/?shipped_from=country_local"
"Baby & Toddler Toys","https://www.jumia.com.gh/baby-toddler-toys/?shipped_from=country_local"
"Baby Stationery","https://www.jumia.com.gh/baby-stationery/?shipped_from=country_local"
"Bathing & Skin Care","https://www.jumia.com.gh/baby-bathing-skin-care/?shipped_from=country_local"
"Car Seats & Accessories","https://www.jumia.com.gh/baby-car-seats-accessories/?shipped_from=country_local"
"Diapering","https://www.jumia.com.gh/baby-diapering/?shipped_from=country_local"
"Feeding","https://www.jumia.com.gh/baby-feeding-products/?shipped_from=country_local"
"Gear","https://www.jumia.com.gh/baby-gear-products/?shipped_from=country_local"
"Gifts","https://www.jumia.com.gh/baby-gifts-products/?shipped_from=country_local"
"Health & Baby Care","https://www.jumia.com.gh/baby-health-care/?shipped_from=country_local"
"Nursery","https://www.jumia.com.gh/baby-nursery/?shipped_from=country_local"
"Potty Training","https://www.jumia.com.gh/baby-potty-training/?shipped_from=country_local"
"Pregnancy & Maternity","https://www.jumia.com.gh/pregnancy-maternity/?shipped_from=country_local"
"Safety","https://www.jumia.com.gh/baby-safety-products/?shipped_from=country_local"
"Strollers & Accessories","https://www.jumia.com.gh/baby-strollers-accessories/?shipped_from=country_local"
"Art & Humanities","https://www.jumia.com.gh/arts-humanities-books/?shipped_from=country_local"
"Bestselling Books","https://www.jumia.com.gh/bestselling-books/?shipped_from=country_local"
"Biography & Autobiography","https://www.jumia.com.gh/biography-autobiography/?shipped_from=country_local"
"Business & Finance","https://www.jumia.com.gh/business-finance-books/?shipped_from=country_local"
"DVDs","https://www.jumia.com.gh/dvds-movies-music/?shipped_from=country_local"
"Education & Learning","https://www.jumia.com.gh/education-learning-books/?shipped_from=country_local"
"Entertainment","https://www.jumia.com.gh/entertainment-books/?shipped_from=country_local"
"Family & Lifestyle","https://www.jumia.com.gh/family-lifestyle-books/?shipped_from=country_local"
"Fiction","https://www.jumia.com.gh/books-fiction/?shipped_from=country_local"
"Journals & Planners","https://www.jumia.com.gh/journals-planners/?shipped_from=country_local"
"Magazines","https://www.jumia.com.gh/magazines/?shipped_from=country_local"
"Motivational & Self-Help","https://www.jumia.com.gh/body-mind-spirit-books/?shipped_from=country_local"
"Religion","https://www.jumia.com.gh/religious-books/?shipped_from=country_local"
"Science & Technology","https://www.jumia.com.gh/science-technology-books/?shipped_from=country_local"
"Stationery","https://www.jumia.com.gh/stationery/?shipped_from=country_local"
"Computer Peripherals & Accessories","https://www.jumia.com.gh/computing-accessories/?shipped_from=country_local"
"Computers & Accessories","https://www.jumia.com.gh/computer-accessories/?shipped_from=country_local"
"Software","https://www.jumia.com.gh/softwares/?shipped_from=country_local"
"Accessories","https://www.jumia.com.gh/electronics-accessories/?shipped_from=country_local"
"Accessories & Supplies","https://www.jumia.com.gh/electronic-accessories-supplies/?shipped_from=country_local"
"Audio","https://www.jumia.com.gh/electronics-audio/?shipped_from=country_local"
"Camera & Photo","https://www.jumia.com.gh/electronics-camera-photo/?shipped_from=country_local"
"Cameras","https://www.jumia.com.gh/cameras/?shipped_from=country_local"
"Car & Vehicle Electronics","https://www.jumia.com.gh/car-vehicle-electonics/?shipped_from=country_local"
"Car Navigations & Car AV","https://www.jumia.com.gh/car-navigations-car-av/?shipped_from=country_local"
"eBook Readers & Accessories","https://www.jumia.com.gh/ebook-readers-accessories/?shipped_from=country_local"
"GPS & Navigation","https://www.jumia.com.gh/electronics-gps-navigation/?shipped_from=country_local"
"Headphones","https://www.jumia.com.gh/electronics-headphone/?shipped_from=country_local"
"Home Audio","https://www.jumia.com.gh/home-audio-electronics/?shipped_from=country_local"
"Office Electronics","https://www.jumia.com.gh/office-electronics-stationery/?shipped_from=country_local"
"Portable Audio & Video","https://www.jumia.com.gh/portable-audio-video/?shipped_from=country_local"
"Radios & Transceivers","https://www.jumia.com.gh/electronics-radios-transceivers/?shipped_from=country_local"
"Security & Surveillance","https://www.jumia.com.gh/security-surveillance/?shipped_from=country_local"
"Television & Video","https://www.jumia.com.gh/electronic-television-video/?shipped_from=country_local"
"Televisions & Recorders","https://www.jumia.com.gh/televisions-recorders/?shipped_from=country_local"
"Wearable Technology","https://www.jumia.com.gh/wearable-technology/?shipped_from=country_local"
"Baby","https://www.jumia.com.gh/babies-clothing/?shipped_from=country_local"
"Costumes & Accessories","https://www.jumia.com.gh/costumes-accessories/?shipped_from=country_local"
"Fabrics","https://www.jumia.com.gh/fabrics/?shipped_from=country_local"
"Kid's Fashion","https://www.jumia.com.gh/kids-fashion/?shipped_from=country_local"
"Luggage & Travel Gear","https://www.jumia.com.gh/luggage-travel-gear/?shipped_from=country_local"
"Men's Fashion","https://www.jumia.com.gh/mens-fashion/?shipped_from=country_local"
"Multi-Pack","https://www.jumia.com.gh/fashion-multi-pack/?shipped_from=country_local"
"Shoe, Jewelry & Watch Accessories","https://www.jumia.com.gh/shoe-jewelry-watch-accessories/?shipped_from=country_local"
"Sports Shop","https://www.jumia.com.gh/fashion-sports-shop/?shipped_from=country_local"
"Watches","https://www.jumia.com.gh/watches/?shipped_from=country_local"
"Watches & Sunglasses","https://www.jumia.com.gh/watches-sunglasses/?shipped_from=country_local"
"Weddings","https://www.jumia.com.gh/fashion-weddings/?shipped_from=country_local"
"Women's Fashion","https://www.jumia.com.gh/womens-fashion/?shipped_from=country_local"
"Nintendo","https://www.jumia.com.gh/nintendo-gaming/?shipped_from=country_local"
"Other Gaming Systems","https://www.jumia.com.gh/other-gaming-systems/?shipped_from=country_local"
"PC Gaming","https://www.jumia.com.gh/pc-gaming/?shipped_from=country_local"
"Playstation","https://www.jumia.com.gh/playstation-games/?shipped_from=country_local"
"Retro Gaming & Microconsoles","https://www.jumia.com.gh/retro-gaming-microconsoles/?shipped_from=country_local"
"Sony PSP","https://www.jumia.com.gh/sony-psp-game/?shipped_from=country_local"
"Xbox","https://www.jumia.com.gh/xbox-games/?shipped_from=country_local"
"Farm & Ranch","https://www.jumia.com.gh/farm-ranch/?shipped_from=country_local"
"Gardening & Lawn Care","https://www.jumia.com.gh/gardening-lawn-care/?shipped_from=country_local"
"Generators & Portable Power","https://www.jumia.com.gh/generators-portable-power/?shipped_from=country_local"
"Grills & Outdoor Cooking","https://www.jumia.com.gh/grills-outdoor-cooking/?shipped_from=country_local"
"Outdoor Décor","https://www.jumia.com.gh/outdoor-decor/?shipped_from=country_local"
"Outdoor Heating & Cooling","https://www.jumia.com.gh/outdoor-heating-cooling/?shipped_from=country_local"
"Outdoor Lighting","https://www.jumia.com.gh/outdoor-lighting/?shipped_from=country_local"
"Outdoor Power Tools","https://www.jumia.com.gh/outdoor-power-tools/?shipped_from=country_local"
"Outdoor Storage","https://www.jumia.com.gh/outdoor-storage/?shipped_from=country_local"
"Patio Furniture & Accessories","https://www.jumia.com.gh/outdoor-patio-furniture-accessories/?shipped_from=country_local"
"Pools, Hot Tubs & Supplies","https://www.jumia.com.gh/pools-hot-tubs-supplies/?shipped_from=country_local"
"Air Fresheners","https://www.jumia.com.gh/air-fresheners-d/?shipped_from=country_local"
"Baby Food","https://www.jumia.com.gh/baby-food/?shipped_from=country_local"
"Beer, Wine & Spirits","https://www.jumia.com.gh/beers-wine-spirits/?shipped_from=country_local"
"Beverages","https://www.jumia.com.gh/beverages/?shipped_from=country_local"
"Breads & Bakery","https://www.jumia.com.gh/breads-bakery/?shipped_from=country_local"
"Breakfast Foods","https://www.jumia.com.gh/breakfast-foods/?shipped_from=country_local"
"Candy & Chocolate","https://www.jumia.com.gh/candy-chocolate/?shipped_from=country_local"
"Canned, Jarred & Packaged Foods","https://www.jumia.com.gh/canned-jarred-packaged-foods/?shipped_from=country_local"
"Condiments & Salad Dressings","https://www.jumia.com.gh/condiments-salad-dressing/?shipped_from=country_local"
"Cooking & Baking","https://www.jumia.com.gh/cooking-baking/?shipped_from=country_local"
"Dairy, Cheese & Eggs","https://www.jumia.com.gh/diary-cheese-eggs/?shipped_from=country_local"
"Deli","https://www.jumia.com.gh/deli/?shipped_from=country_local"
"Dishwashing","https://www.jumia.com.gh/dishwashing-products/?shipped_from=country_local"
"Dried Beans, Grains & Rice","https://www.jumia.com.gh/dried-beans-grains-rice/?shipped_from=country_local"
"Drinks","https://www.jumia.com.gh/drinks/?shipped_from=country_local"
"Food Cupboard","https://www.jumia.com.gh/food-cupboard-supplies/?shipped_from=country_local"
"Frozen","https://www.jumia.com.gh/frozen/?shipped_from=country_local"
"Herbs, Spices & Seasonings","https://www.jumia.com.gh/herbs-spices-seasonings/?shipped_from=country_local"
"Household Batteries","https://www.jumia.com.gh/household-batteries/?shipped_from=country_local"
"Household Cleaning","https://www.jumia.com.gh/household-cleaning/?shipped_from=country_local"
"Household Supplies","https://www.jumia.com.gh/household-supplies/?shipped_from=country_local"
"Jams, Jellies & Sweet Spreads","https://www.jumia.com.gh/jams-jellies-sweet-spread/?shipped_from=country_local"
"Laundry","https://www.jumia.com.gh/laundry-supplies/?shipped_from=country_local"
"Lighters & Matches","https://www.jumia.com.gh/grocery-mathces-fire-lighters/?shipped_from=country_local"
"Paper & Plastic","https://www.jumia.com.gh/paper-plastic-household-supplies/?shipped_from=country_local"
"Tobacco-Related Products","https://www.jumia.com.gh/tobacco-related-products/?shipped_from=country_local"
"Toiletries","https://www.jumia.com.gh/toiletries-products/?shipped_from=country_local"
"Baby & Child Care","https://www.jumia.com.gh/baby-health-child-care/?shipped_from=country_local"
"Beauty & Personal Care","https://www.jumia.com.gh/beauty-styling-products/?shipped_from=country_local"
"Fragrances","https://www.jumia.com.gh/health-beauty-fragrances/?shipped_from=country_local"
"Health Care","https://www.jumia.com.gh/health-care/?shipped_from=country_local"
"Kid's Beauty","https://www.jumia.com.gh/kids-beauty/?shipped_from=country_local"
"Medical Supplies & Equipment","https://www.jumia.com.gh/medical-supplies-equipment/?shipped_from=country_local"
"Men's Grooming","https://www.jumia.com.gh/mens-grooming-products/?shipped_from=country_local"
"Oral Care","https://www.jumia.com.gh/oral-care/?shipped_from=country_local"
"Personal Care","https://www.jumia.com.gh/personal-care/?shipped_from=country_local"
"Sexual Wellness","https://www.jumia.com.gh/fertility-sexual-wellness/?shipped_from=country_local"
"Sports","https://www.jumia.com.gh/sports-health-beauty-products/?shipped_from=country_local"
"Sports Nutrition","https://www.jumia.com.gh/sports-nutrition/?shipped_from=country_local"
"Vision Care","https://www.jumia.com.gh/vision-care/?shipped_from=country_local"
"Vitamins & Dietary Supplements","https://www.jumia.com.gh/vitamins-dietary-supplements/?shipped_from=country_local"
"Wellness & Relaxation","https://www.jumia.com.gh/wellness-relaxation/?shipped_from=country_local"
"Appliances","https://www.jumia.com.gh/home-office-appliances/?shipped_from=country_local"
"Arts, Crafts & Sewing","https://www.jumia.com.gh/arts-crafts-sewing/?shipped_from=country_local"
"Home & Furniture","https://www.jumia.com.gh/home-furniture/?shipped_from=country_local"
"Home & Kitchen","https://www.jumia.com.gh/home-kitchen/?shipped_from=country_local"
"Office Products","https://www.jumia.com.gh/office-products/?shipped_from=country_local"
"Tools & Home Improvement","https://www.jumia.com.gh/tools-home-improvement/?shipped_from=country_local"
"Additive Manufacturing Products","https://www.jumia.com.gh/additive-manufacturing-products/?shipped_from=country_local"
"Food Service Equipment & Supplies","https://www.jumia.com.gh/industrial-food-service-equipment-supplies/?shipped_from=country_local"
"Industrial Electrical","https://www.jumia.com.gh/industrial-electrical/?shipped_from=country_local"
"Janitorial & Sanitation Supplies","https://www.jumia.com.gh/industrial-janitorial-sanitation-supplies/?shipped_from=country_local"
"Lab & Scientific Products","https://www.jumia.com.gh/lab-scientific-products/?shipped_from=country_local"
"Packaging & Shipping Supplies","https://www.jumia.com.gh/packaging-shipping-supplies/?shipped_from=country_local"
"Power Transmission Products","https://www.jumia.com.gh/power-transmission-products/?shipped_from=country_local"
"Professional Medical Supplies","https://www.jumia.com.gh/professional-medical-supplies/?shipped_from=country_local"
"Raw Materials","https://www.jumia.com.gh/raw-materials/?shipped_from=country_local"
"Tapes, Adhesives & Sealants","https://www.jumia.com.gh/tapes-adhesives-sealants/?shipped_from=country_local"
"Test, Measure & Inspect","https://www.jumia.com.gh/test-measure-inspect/?shipped_from=country_local"
"Ruminants","https://www.jumia.com.gh/ruminants/?shipped_from=country_local"
"Amplifiers & Effects","https://www.jumia.com.gh/muscial-amplifiers-effects/?shipped_from=country_local"
"Band & Orchestra","https://www.jumia.com.gh/band-orchestra/?shipped_from=country_local"
"Bass Guitars","https://www.jumia.com.gh/bass-guitars/?shipped_from=country_local"
"Drums & Percussion","https://www.jumia.com.gh/drums-and-percussion/?shipped_from=country_local"
"Electronic Music, DJ & Karaoke","https://www.jumia.com.gh/electronic-music-dj-karaoke/?shipped_from=country_local"
"Guitars","https://www.jumia.com.gh/muscial-instruments-guitars/?shipped_from=country_local"
"Instrument Accessories","https://www.jumia.com.gh/instrument-accessories/?shipped_from=country_local"
"Keyboards & MIDI","https://www.jumia.com.gh/keyboards-midi/?shipped_from=country_local"
"Live Sound & Stage","https://www.jumia.com.gh/live-sound-stage/?shipped_from=country_local"
"Microphones & Accessories","https://www.jumia.com.gh/microphones-accessories/?shipped_from=country_local"
"Stringed Instruments","https://www.jumia.com.gh/stringed-instruments/?shipped_from=country_local"
"Studio Recording Equipment","https://www.jumia.com.gh/studio-recording-equipment/?shipped_from=country_local"
"Birds","https://www.jumia.com.gh/bird-pet-supplies/?shipped_from=country_local"
"Cats","https://www.jumia.com.gh/cat-care-supplies/?shipped_from=country_local"
"Dogs","https://www.jumia.com.gh/dog-care/?shipped_from=country_local"
"Fish & Aquatic Pets","https://www.jumia.com.gh/fish-aquatic-pets/?shipped_from=country_local"
"Small Animals","https://www.jumia.com.gh/small-animals/?shipped_from=country_local"
"Cell Phone Accessories","https://www.jumia.com.gh/mobile-accessories/?shipped_from=country_local"
"Mobile Phones","https://www.jumia.com.gh/mobile-phones/?shipped_from=country_local"
"Phone & Fax","https://www.jumia.com.gh/fax-phones/?shipped_from=country_local"
"Tablet Accessories","https://www.jumia.com.gh/tablets-accessories/?shipped_from=country_local"
"Tablets","https://www.jumia.com.gh/tablets/?shipped_from=country_local"
"Telephones & Accessories","https://www.jumia.com.gh/telephones-accessories/?shipped_from=country_local"
"Gift Cards","https://www.jumia.com.gh/gift-cards-services/?shipped_from=country_local"
"Outdoor & Adventure","https://www.jumia.com.gh/sporting-goods-outdoor-adventure/?shipped_from=country_local"
"Outdoor Recreation","https://www.jumia.com.gh/sporting-goods-outdoor-recreation/?shipped_from=country_local"
"Racquet Sports","https://www.jumia.com.gh/sporting-goods-racquet-sports/?shipped_from=country_local"
"Sports & Fitness","https://www.jumia.com.gh/sports-fitness/?shipped_from=country_local"
"Action Figures & Statues","https://www.jumia.com.gh/action-figures-statues/?shipped_from=country_local"
"Arts & Crafts","https://www.jumia.com.gh/arts-crafts/?shipped_from=country_local"
"Baby & Toddler Toys","https://www.jumia.com.gh/baby-toddler-toys-d/?shipped_from=country_local"
"Building Toys","https://www.jumia.com.gh/building-toys/?shipped_from=country_local"
"Dolls & Accessories","https://www.jumia.com.gh/dolls-accessories/?shipped_from=country_local"
"Dress Up & Pretend Play","https://www.jumia.com.gh/dress-up-pretend-play/?shipped_from=country_local"
"Games","https://www.jumia.com.gh/kids-games/?shipped_from=country_local"
"Hobbies","https://www.jumia.com.gh/hobbies/?shipped_from=country_local"
"Kids' Electronics","https://www.jumia.com.gh/kids-electronics/?shipped_from=country_local"
"Kids' Furniture, Décor & Storage","https://www.jumia.com.gh/school-furniture-storage/?shipped_from=country_local"
"Learning & Education","https://www.jumia.com.gh/learning-education-toys/?shipped_from=country_local"
"Party Supplies","https://www.jumia.com.gh/party-supplies/?shipped_from=country_local"
"Puzzles","https://www.jumia.com.gh/puzzles/?shipped_from=country_local"
"Sports & Outdoor Play","https://www.jumia.com.gh/outdoor-sports-toys/?shipped_from=country_local"
"Stuffed Animals & Plush Toys","https://www.jumia.com.gh/plush-toys/?shipped_from=country_local"
"Toy Remote Control & Play Vehicles","https://www.jumia.com.gh/toy-remote-control-play-vehicles/?shipped_from=country_local"
"Tricycles, Scooters & Wagons","https://www.jumia.com.gh/kids-tricycles-scooters-wagons/?shipped_from=country_local"
"Novelty & Gag Toys","https://www.jumia.com.gh/novelty-gag-toys/?shipped_from=country_local"
